,score,tier
id-topaz,0.048682370368832856,10
id-juno,0.04806746308810647,10
id-tata-tgn-atlantic-south,0.04407001804026976,10
id-ketchcan1-submarine-fiber-cable-system,0.042992920534600805,10
id-proa,0.04173645652100241,10
id-pacific-crossing-1-pc-1,0.034736638390701076,10
id-grace-hopper,0.03277282040312806,10
id-yellow,0.03221548811066083,10
id-faster,0.029763629609258165,10
id-seabras-1,0.027729515684003354,10
id-havfrueaec-2,0.027298051604742246,10
id-jupiter,0.026042564043726363,10
id-hannibal-system,0.02580604663256946,10
id-didon,0.02580604663256946,10
id-amitie,0.025186374801354282,10
id-apollo,0.02486457545981356,10
id-moratelindo-international-cable-system-1-mic-1,0.024425760359798408,10
id-batam-singapore-cable-system-bscs,0.024425760359798408,10
id-asia-pacific-gateway-apg,0.023696712939748062,10
id-australia-japan-cable-ajc,0.02357482125168248,10
id-alaska-united-west-au-west,0.02346142174699074,10
id-senegal-horn-of-africa-regional-express-share-cable,0.023311744394342193,10
id-glo-1,0.023242982721994262,10
id-trapani-kelibia-2-keltra-2,0.02306930484711895,10
id-tata-tgn-western-europe,0.022609145361678868,10
id-olisipo,0.022131377058550065,10
id-thailand-indonesia-singapore-tis,0.022006489782209315,10
id-beaufort,0.021726974825300352,10
id-havsil,0.020828036274260532,10
id-skagerrak-4,0.020828036274260532,10
id-japan-guam-australia-north-jga-n,0.020797070699907504,10
id-marea,0.020547400246648365,10
id-curie,0.01945456450983554,10
id-pan-european-crossing-uk-ireland,0.019288393804847984,10
id-apricot,0.018999503493800834,10
id-confluence-1,0.018466254202333533,10
id-i2i-cable-network-i2icn,0.0180988136701696,10
id-batam-sarawak-internet-cable-system-basics,0.01788079584745163,10
id-mid-atlantic-crossing-mac,0.017595605069725153,10
id-high-capacity-undersea-guernsey-optical-fibre-hugo,0.017474529433775376,10
id-e2a,0.01721939376083795,10
id-ellalink,0.01716022124682665,10
id-isles-of-scilly-cable,0.01694924374812501,10
id-eac-c2c,0.01674355329893633,10
id-new-cross-pacific-ncp-cable-system,0.01666757816578538,10
id-southeast-asia-japan-cable-2-sjc2,0.01627412311931581,10
id-matrix-cable-system,0.016146656419439836,10
id-italy-libya,0.015959138125968244,10
id-flag-europe-asia-fea,0.015949391876421727,10
id-pipe-pacific-cable-1-ppc-1,0.01587391593263762,10
id-halaihai,0.01576756475961009,10
id-pacific-light-cable-network-plcn,0.015565378056751419,10
id-asia-direct-cable-adc,0.01538248109126652,10
id-bulikula,0.014990680607880958,10
id-batam-dumai-melaka-bdm,0.014922386353379303,10
id-bifrost,0.014489084118547269,10
id-sealink-south,0.014333523146618682,10
id-go-1-mediterranean-cable-system,0.014092843680399527,10
id-insica,0.01397842239983826,10
id-bugio,0.01386075802188548,10
id-umo,0.013488882854325448,10
id-japan-information-highway-jih,0.013286716437508067,10
id-indigo-west,0.013015550788122313,10
id-transworld-tw1,0.012871637340417989,10
id-columbus-iii-azores-portugal,0.012753876870690645,10
id-tonga-cable,0.012676426900392612,9
id-continente-madeira,0.012622519414862593,9
id-tata-tgn-pacific,0.012464477273238307,9
id-brusa,0.012419249277245716,9
id-pgascom,0.01230971506418579,9
id-americas-ii,0.0121862787736409,9
id-seax-1,0.012043848342324007,9
id-interchange-cable-network-1-icn1,0.011993310475022001,9
id-tata-tgn-tata-indicom,0.011845891279075732,9
id-mist,0.011678417729778016,9
id-pan-american-crossing-pac,0.011446721242950948,9
id-nuvem,0.011302362570024479,9
id-indonesia-global-gateway-igg-system,0.010834848220159326,9
id-tabua,0.010807035096623804,9
id-est-tet,0.010754687500900861,9
id-echo,0.010752080210751058,9
id-trans-pacific-express-tpe-cable-system,0.010724529097454165,9
id-india-asia-xpress-iax,0.010460317213224326,9
id-orca,0.010319199578579913,9
id-asia-connect-cable-1-acc-1,0.010263509590631745,9
id-the-east-african-marine-system-teams,0.010251358785738211,9
id-apcn-2,0.010240564796701521,9
id-japan-guam-australia-south-jga-s,0.01019645835187104,9
id-northstar,0.010181730685889633,9
id-south-american-crossing-sac,0.010064123963001591,9
id-flag-north-asia-loopreach-north-asia-loop,0.009968296440818324,9
id-europe-india-gateway-eig,0.009849214709190738,9
id-seamewe-4,0.009811216418086856,9
id-celia,0.009677431443803897,9
id-global-caribbean-network-gcn,0.0096180178995914,9
id-south-atlantic-inter-link-sail,0.009563846161681325,9
id-sea-h2x,0.009558940676589876,9
id-new-cam-ring,0.009250659045435842,9
id-sea-us,0.0091744719956035,9
id-fish-west,0.0090378157647781,9
id-cat-submarine-network-csn,0.008965362566757368,9
id-monet,0.008917717061869711,9
id-imewe,0.008915982071495654,9
id-alaska-united-southeast-au-se,0.008892102197830284,9
id-sealink,0.008814178174777742,9
id-medusa-submarine-cable-system,0.008751032689822547,9
id-unitirreno,0.008724112155244334,9
id-south-atlantic-cable-system-sacs,0.008708653391011458,9
id-kodiak-kenai-fiber-link-kkfl,0.008648176431160464,9
id-eviny-digital,0.008585463736021289,9
id-hachijojima-mainland,0.008517839149672355,9
id-danice,0.008444521125680546,9
id-jasuka,0.008253087778765331,9
id-hantru1-cable-system,0.008246319829171888,9
id-jakarta-bangka-batam-singapore-b2js,0.008150452428902182,9
id-uae-iran,0.008095203502199253,9
id-barat-timur-indonesia-2-bti-2,0.008049314188886724,9
id-pacific-caribbean-cable-system-pccs,0.00804062337424729,9
id-fish-north,0.007984342421885556,9
id-atlas-offshore,0.007952939629958267,9
id-ioema,0.007937516900140853,9
id-bay-of-bengal-gateway-bbg,0.00793253614315932,9
id-janna,0.007926130024855099,9
id-hawk,0.007845252781264309,9
id-hawaiki-nui-1,0.00780310159050892,9
id-kitadaito-island,0.007779974435744294,9
id-asia-submarine-cable-express-asecahaya-malaysia,0.007777660225506896,9
id-peace-cable,0.007763494696406687,9
id-middle-east-north-africa-mena-cable-systemgulf-bridge-international,0.0076275344445770514,9
id-atisa,0.007499206281942108,9
id-anjana,0.007475267418604021,9
id-seamewe-6,0.007468201846944955,8
id-honomoana,0.0071012654197669875,8
id-guam-okinawa-kyushu-incheon-goki,0.007055826822635149,8
id-daito-loop,0.0070444879932366755,8
id-south-pacific-cable-system-spcsmistral,0.0068540629235845545,8
id-ice-iv,0.0067930020918081134,8
id-jakarta-bangka-bintan-batam-singapore-b3js,0.006792043690751818,8
id-southeast-asia-japan-cable-sjc,0.0066962962450473505,8
id-south-america-1-sam-1,0.006650736932623715,8
id-deep-blue-one,0.006586139837747117,8
id-taihei,0.006524535401074575,8
id-america-movil-submarine-cable-system-1-amx-1,0.006460150709058001,8
id-taiwan-strait-express-1-tse-1,0.006385990280509188,8
id-chi,0.006381310611087954,8
id-asia-america-gateway-aag-cable-system,0.006343274603962565,8
id-poseidon,0.0063232471563080695,8
id-minamidaito-island,0.0063078484494342975,8
id-barat-timur-indonesia-1-bti-1,0.00624564504070031,8
id-asia-africa-europe-1-aae-1,0.0061923677570584704,8
id-eagle,0.006125226031876717,8
id-gondwana-1,0.00606827243709304,8
id-atlantic-crossing-1-ac-1,0.005970794538681648,8
id-okinawa-miyakojima-ishigaki,0.0059204064143950075,8
id-red2med,0.005910833271354139,8
id-raman,0.005907289887167116,8
id-transcan-3,0.00590568034994318,8
id-miyazaki-okinawa-cable-moc,0.005902629436100797,8
id-tam-1,0.005888586933590748,8
id-africa-1,0.005885734755009391,8
id-colombia-florida-subsea-fiber-cfx-1,0.005795631245124544,8
id-samoa-american-samoa-sas,0.005729183783014013,8
id-korea-japan-cable-network-kjcn,0.005717460586517286,8
id-tui-samoa,0.005687319799895927,8
id-tko-connect,0.005672547291086392,8
id-kupang-alor-cable-systems,0.005627576340590759,8
id-cabo-verde-telecom-domestic-submarine-cable-phase-1,0.005622464258183993,8
id-vietnam-singapore-cable-system-vts,0.005596673225891203,8
id-maldives-sri-lanka-cable-msc,0.005585142212943601,8
id-southern-cross-cable-network-sccn,0.005579745058272295,8
id-damai-cable-system,0.005494668604133088,8
id-seamewe-5,0.0054249887214948824,8
id-hawaiki,0.00540640510613753,8
id-mariana-guam-cable,0.005384334427049911,8
id-mainone,0.005381619834418497,8
id-yui,0.005354762183428051,8
id-globenet,0.005327835895455772,8
id-blue,0.0052930312259190015,8
id-southern-caribbean-fiber,0.005278177039101089,8
id-jakabare,0.005220190457740877,8
id-dumai-melaka-cable-system-dmcs,0.005193779633502128,8
id-2africa,0.005046246088344087,8
id-tikal-amx3,0.005022188551664415,8
id-medloop,0.004996664174046036,8
id-exelera-north,0.004989181027101917,8
id-norfest,0.004915440199302028,8
id-seacomtata-tgn-eurasia,0.004732670040641055,8
id-umoja,0.004721901756154053,8
id-tata-tgn-intra-asia-tgn-ia,0.004600999085398511,8
id-eclink,0.004598063481685581,8
id-manta,0.004574064560988393,8
id-coral-bridge,0.0044763392262575,8
id-taba-aqaba,0.0044763392262575,8
id-lynn-canal-fiber,0.0044161729631442565,8
id-n0r5ke-viking-2,0.004357317551989013,8
id-maya-1,0.004346306464178785,8
id-smpcs-packet-1,0.004323444400690656,7
id-tpu,0.004307467541639929,7
id-submarine-cable-in-the-philippines-scip,0.004282236102622537,7
id-sat-3wasc,0.004181173321566575,7
id-med-cable-network,0.004179007252814962,7
id-te-northtgn-eurasiaseacomalexandrosmedex,0.004167512274282826,7
id-palapa-ring-west,0.004164376406576111,7
id-india-europe-xpress-iex,0.004135383771067183,7
id-sirius-south,0.004112896111915399,7
id-sagres,0.004090338567836661,7
id-libreville-port-gentil-cable,0.004086951332783305,7
id-andromeda,0.004074512252566083,7
id-zayo-festoon,0.004071440518839209,7
id-firmina,0.0040656309703020685,7
id-gulf-bridge-international-cable-systemmiddle-east-north-africa-cable-system-gbicsmena,0.004056161926683641,7
id-southern-cross-next,0.004043226143507905,7
id-cam-ring,0.003890371584970401,7
id-nigeria-cameroon-submarine-cable-system-ncscs,0.0038832607936527142,7
id-exa-north-and-south,0.0038714799420912537,7
id-gondwana-2picot-2,0.0037673466587366247,7
id-indigo-central,0.0037072206626527207,7
id-acs-alaska-oregon-network-akorn,0.0036817563423934435,7
id-emc-west-2,0.0036529047870808083,7
id-aden-djibouti,0.003610360153892899,7
id-dunant,0.0036036577526171077,7
id-americas-i-north,0.003599910173409138,7
id-thailand-domestic-submarine-cable-network-tdscn,0.003586145026702947,7
id-cabo-verde-telecom-domestic-submarine-cable-phase-3,0.0035140401613649955,7
id-africa-coast-to-europe-ace,0.003441788489149242,7
id-alaska-united-east-au-east,0.003437346913791649,7
id-west-africa-cable-system-wacs,0.0034288797501176274,7
id-tata-tgn-gulf,0.0033846886213309522,7
id-candalta,0.003318913801642362,7
id-png-lng,0.0033179528838967296,7
id-tasman-ring-network,0.003212732390749899,7
id-sydney-melbourne-adelaide-perth-smap,0.003164044610414158,7
id-bahamas-2,0.0031207725624928053,7
id-taiwan-penghu-kinmen-matsu-no-2-tpkm2,0.003113565679400557,7
id-cantat-3,0.003101662310826526,7
id-safe,0.0030136542567983492,7
id-jonah,0.002996381760320593,7
id-celtixconnect-1-cc-1,0.0029905682079595123,7
id-t3,0.0029615965379286725,7
id-pasuli,0.0029256678234194484,7
id-djibouti-africa-regional-express-1-dare-1,0.002898536310871496,7
id-prat,0.0028887629766336195,7
id-coral-sea-cable-system-cs,0.0028417476736341536,7
id-sape-labuan-bajo-ende-kupang,0.002816094372884899,7
id-saudi-arabia-sudan-1-sas-1,0.002805567518981489,7
id-saudi-arabia-sudan-2-sas-2,0.002805567518981489,7
id-fly-lion3,0.0027204061837747505,7
id-ogasawara-cable-network,0.0027187405930156525,7
id-colombian-festoon,0.0026404578273380714,7
id-tampnet-south,0.0026202064858488524,7
id-guernsey-jersey-4,0.002619461774595987,7
id-arcos,0.0026139725319740577,7
id-australia-connect-interlink,0.002571588852508543,7
id-ceiba-2,0.002563696514757741,7
id-smpcs-packet-2,0.0025386747990358465,7
id-nome-to-homer-express-nthe,0.002536180406321598,7
id-fibralink,0.002517739022043261,7
id-fish-south,0.002497290692416188,7
id-seychelles-to-east-africa-system-seas,0.00241987915882798,7
id-italy-albania,0.002412191816862915,7
id-manatua,0.0023384894257728523,7
id-pldt-domestic-fiber-optic-network-dfon,0.002326789882636021,7
id-bahamas-internet-cable-system-bics,0.002307335099719788,6
id-hainan-to-hong-kong-express-h2he,0.002262576923867832,6
id-oman-australia-cable-oac,0.002244031211377112,6
id-no-uk,0.002222458607987648,6
id-ugarit,0.002217774133977686,6
id-equiano,0.0022162446732325535,6
id-alonso-de-ojeda,0.002181451443192753,6
id-eastern-caribbean-fiber-system-ecfs,0.002177010894456683,6
id-nationwide-submarine-cable-ooredoo-maldives-nascom,0.0021768150150700727,6
id-maroc-telecom-west-africa,0.002170609087962859,6
id-biznet-nusantara-cable-system-1-bncs-1,0.0021333911421449105,6
id-polar-circle-cable,0.00212862499012657,6
id-hawaii-island-fibre-network-hifn,0.002104698138260305,6
id-amerigo-vespucci,0.00208747368766983,6
id-jerry-newton,0.00208747368766983,6
id-ceiba-1,0.002077672326664371,6
id-suriname-guyana-submarine-cable-system-sg-scs,0.002054153864840001,6
id-izu-islands-cable-system,0.002039920270732809,6
id-bosun,0.001958427239020025,6
id-oran-valencia-orval,0.0019392761483495566,6
id-link-3-phase-2,0.0018989015877372035,6
id-n0r5ke-viking,0.0018888790154590524,6
id-emc-west-1,0.0018886646106870582,6
id-mednautilus-submarine-system,0.001875189798414008,6
id-paniolo-cable-network,0.001874064151911981,6
id-mataram-kupang-cable-system-mkcs,0.001859793150649691,6
id-australia-singapore-cable-asc,0.0018019946346196755,6
id-palapa-ring-middle,0.0017558215760242561,6
id-malaysia-cambodia-thailand-mct-cable,0.0017431368211700687,6
id-columbus-ii-b,0.0017373633070483893,6
id-falcon,0.0017342643473187223,6
id-carnival-submarine-network-1-csn-1,0.0017254959728898198,6
id-cadmos-2,0.0017130761110275114,6
id-taino-carib,0.0017018333734036032,6
id-greenland-connect,0.0016821946169772257,6
id-jakarta-surabaya-cable-system-jayabaya,0.0016434335974127483,6
id-fibre-in-gulf-fig,0.001640616049308588,6
id-dhiraagu-cable-network,0.0016370074599888263,6
id-jambi-batam-cable-system-jiba,0.001629139945946455,6
id-fiber-optic-gulf-fog,0.0016266655827514495,6
id-link-5-phase-2,0.0016217408793050797,6
id-saudi-vision,0.0016179092197943674,6
id-eastern-africa-submarine-system-eassy,0.001573855144981027,6
id-cayman-jamaica-fiber-system-cjfs,0.0015551733024763426,6
id-s-u-b-cable-system,0.0015528174524699655,6
id-silphium,0.0015311743817791545,6
id-tegopa,0.0015272186037262978,6
id-aletar,0.0014988875455258805,6
id-zeus,0.0014987434078640356,6
id-circe-north,0.0014987434078640356,6
id-e-llan,0.0014973020312455858,6
id-lanis-1,0.0014973020312455858,6
id-bodo-rost-cable,0.0014973020312455858,6
id-nzadi-cable-system,0.001494323186234123,6
id-chuuk-pohnpei-cable,0.0014942270944595594,6
id-berytar,0.0014815549916890225,6
id-kumul-domestic-submarine-cable-system,0.0014748934294174206,6
id-caribbean-bermuda-u-s-cbus,0.0014248728561684866,6
id-domestic-submarine-cable-of-maldives-dscom,0.0014072520270079385,6
id-avassa,0.0013600589542255301,6
id-junior,0.001335939918810138,6
id-gulf2africa-g2a,0.0013318640260390768,6
id-venezuelan-festoon,0.0013229074718849882,6
id-unityeac-pacific,0.001305253010603343,6
id-canalink,0.0013018513617838016,6
id-epic-malta-sicily-cable-system-emscs,0.0012991127462087472,5
id-italy-malta,0.0012991127462087472,5
id-gemini-bermuda,0.001280879331985358,5
id-terra-sw,0.0012757423530733623,5
id-arctic-way,0.0012481841056901897,5
id-connected-coast,0.0012327282775948707,5
id-malbec,0.0012161855447606056,5
id-north-west-cable-system,0.0011981747431482881,5
id-sistem-kabel-rakyat-1malaysia-skr1m,0.001159651550725855,5
id-asia-link-cable-alc,0.0011454139527947236,5
id-cadmos,0.0011420507406850076,5
id-oteglobe-kokkini-bari,0.0011285018004715801,5
id-antillas-1,0.0011264358273184686,5
id-bahamas-domestic-submarine-network-bdsni,0.0011258208399612636,5
id-ulysses-2,0.0011237692805743367,5
id-scylla,0.0011237692805743367,5
id-balalink,0.0011237692805743367,5
id-mauritius-and-rodrigues-submarine-cable-system-mars,0.0011218234221394296,5
id-gc-lnz-fu-ring,0.001120502160239184,5
id-honotua,0.001101051583537993,5
id-palapa-ring-east,0.001087442852887059,5
id-azores-fiber-optic-system-afos,0.0010663441497254808,5
id-east-west-submarine-cable-system,0.001046458643349421,5
id-nongsa-changi,0.001031929567035448,5
id-chennai-andaman-nicobar-islands-cable-cani,0.001024429070187589,5
id-pishgaman-oman-iran-poi-network,0.0010053121454814092,5
id-philippine-domestic-submarine-cable-network-pdscn,0.0010036616964564859,5
id-qatar-u-a-e-submarine-cable-system,0.0009145894988218188,5
id-5-villages-6-islands,0.000906631231436804,5
id-saba-statia-cable-system-sscs,0.0008660078998969703,5
id-adria-1,0.00085579334426089,5
id-patara-2,0.0008382405801073241,5
id-fibra-optica-al-pacfico,0.0008193265158141116,5
id-omranepeg,0.000775345310596482,5
id-lfon-libyan-fiber-optic-network,0.0007596720029977086,5
id-aqualink,0.0007578705846113497,5
id-piano-isole-minori,0.0007568250159300015,5
id-rockabill,0.0007496599792557077,5
id-esat-2,0.0007496599792557077,5
id-penbal-4,0.0007491795203828912,5
id-havhingstenceltixconnect-2-cc-2,0.0007486510156227929,5
id-east-micronesia-cable-system-emcs,0.0007471135472297797,5
id-kuwait-iran,0.0007345255247619855,5
id-kochi-lakshadweep-islands-kli-sofc,0.0007086768374044536,5
id-brazilian-festoon,0.0006950180780200966,5
id-au-aleutian,0.0006865922021305306,5
id-jaka2ladema,0.000671666129513647,5
id-cambodia-hong-kong,0.0006687026591861142,5
id-caribbean-regional-communications-infrastructure-program-carcip,0.0006632254280360052,5
id-okinawa-remote-islands,0.000659915600245491,5
id-israel-coasting-1-ic-1,0.0006486606604914798,5
id-tasman-global-access-tga-cable,0.0006258457277308754,5
id-quintillion-subsea-cable-network,0.0006200161600740344,5
id-alba-1,0.0006149272998461187,5
id-tonga-domestic-cable-extension-tdce,0.0006062750363114802,5
id-taiwan-penghu-kinmen-matsu-no-3-tpkm3,0.0005909413515384965,5
id-boracay-palawan-submarine-cable-system-bpscs,0.0005763277144629075,5
id-x-link-submarine-cable,0.0005706410032442504,5
id-hawaii-inter-island-cable-system-hics,0.000569872269047744,5
id-galapagos-cable-system,0.0005615963649634784,5
id-greenland-connect-north,0.0005615963649634784,5
id-tverrlinken,0.0005615963649634784,5
id-kafos,0.0005615963649634784,5
id-romsar-2,0.0005615963649634784,5
id-ingrid,0.0005615603305480171,5
id-fibra-optica-austral,0.0005614161928861722,5
id-sjjk,0.000557778158301205,4
id-sint-maarten-puerto-rico-network-one-smpr-1,0.0005435911687046771,4
id-dhiraagu-slt-submarine-cable-network,0.0005125535255207261,4
id-tampnet-north,0.0004995811359546785,4
id-exa-express,0.0004995811359546785,4
id-tokelau-submarine-cable,0.000499420982997073,4
id-bicentenario,0.00049122115156767,4
id-unisur,0.00049122115156767,4
id-jscfs,0.0004850953009392587,4
id-link-4-phase-2,0.000480439654461666,4
id-timor-leste-south-submarine-cable-tlssc,0.0004756542840884129,4
id-labuan-brunei-submarine-cable,0.00044644238462116485,4
id-tannat,0.00043925151682467674,4
id-denpasar-waingapu-cable-systems,0.0004385436407520603,4
id-san-andres-isla-tolu-submarine-cable-sait,0.00042282783102223006,4
id-java-kalimantan-sulawesi-jakasusi,0.00041687814864718476,4
id-skagenfiber-west,0.0003867934155609867,4
id-emerald-bridge-fibres,0.00037497412728969883,4
id-pan-european-crossing-uk-belgium,0.00037497412728969883,4
id-pencan-9,0.00037497412728969883,4
id-aec-1,0.00037497412728969883,4
id-corse-continent-5-cc5,0.00037497412728969883,4
id-havhingstennorth-sea-connect-nsc,0.00037497412728969883,4
id-concerto,0.00037497412728969883,4
id-italy-monaco,0.00037497412728969883,4
id-cobracable,0.00037497412728969883,4
id-carnival-submarine-network-2-csn-2,0.00037497412728969883,4
id-solas,0.00037497412728969883,4
id-apollo-east-and-west,0.00037497412728969883,4
id-svalbard-undersea-cable-system,0.00037497412728969883,4
id-la-gomera-el-hierro,0.000374950104346058,4
id-tenerife-la-palma,0.000374950104346058,4
id-trans-adriatic-express-tae,0.0003749020584587763,4
id-tobrok-emasaed-cable-system,0.0003749020584587763,4
id-bharat-lanka-cable-system,0.00037470987490964975,4
id-lower-indian-ocean-network-2-lion2,0.00037470987490964975,4
id-ultramar-ge,0.00037470987490964975,4
id-transcan-2,0.0003743975766423189,4
id-flores-corvo-cable-system,0.0003743735536986781,4
id-hawaiian-islands-fiber-link-hifl,0.0003740132095440657,4
id-unitel-north-submarine-cable-unsc,0.0003737729801076574,4
id-hokkaido-sakhalin-cable-system-hscs,0.0003731627973391803,4
id-hokkaido-akita-cable,0.0003731627973391803,4
id-tasman-express-tx,0.00037177907578546854,4
id-luwuk-tutuyan-cable-system-ltcs,0.0003706067561357961,4
id-tarakan-selor-cable-system-tscs,0.00036987645864911494,4
id-palawan-iloilo-cable-system,0.0003667630851532635,4
id-sorsogon-samar-submarine-fiber-optical-interconnection-project-sssfoip,0.0003667630851532635,4
id-sumatera-bangka-cable-system-sbcs,0.0003543672462345958,4
id-batam-rengit-cable-system-brcs,0.0003543672462345958,4
id-converge-domestic-submarine-cable-network-cdscn,0.00033564856854966185,4
id-lic-lin-lamp,0.00024979056797733927,4
id-comoros-domestic-cable-system,0.0002496143997239732,4
id-national-digital-transmission-network-ndtn,0.0001803546516778873,4
id-tamtam,0.0001521132791337288,4
id-sweden-latvia,0.00012799424371833654,4
id-pencan-8,0.00011348438575927587,4
id-projeto-amaznia-conectada-pac-01,0.00011204300914082614,4
id-c-lion1,9.974326199672175e-05,4
id-eastern-light-sweden-finland-i,9.902257368749687e-05,4
id-telstra-endeavour,9.743705940720216e-05,4
id-baltic-sea-submarine-cable,8.513731226309774e-05,4
id-globalconnect-kpn,8.24467425753249e-05,4
id-elektra-globalconnect-1-gc1,8.24467425753249e-05,4
id-norte-conectado-infovia-00,7.379848286462648e-05,4
id-tanjung-pandan-sungai-kakap,6.457367250654818e-05,4
id-norte-conectado-infovia-01,4.601922439995885e-05,3
id-projeto-amaznia-conectada-pac-02,4.520157075458372e-05,3
id-eastern-light-sweden-finland-ii,4.309716089164711e-05,3
id-bcs-north---phase-1,4.208819725873229e-05,3
id-germany-denmark-3,3.7764067403383086e-05,3
id-finland-estonia-2-eesf-2,3.4593038842793666e-05,3
id-finland-estonia-connection-1-fec-1,3.4593038842793666e-05,3
id-finland-estonia-connection-2-fec-2,3.4593038842793666e-05,3
id-finland-estonia-3-eesf-3,2.392685186626562e-05,3
id-oskarshamn-visby,1.9890997334606358e-05,3
id-vstervik-visby,1.9890997334606358e-05,3
id-aurora,1.979490556004304e-05,3
id-norte-conectado-infovia-03,1.9170309025381488e-05,3
id-baltica,1.8882033701691543e-05,3
id-norte-conectado-infovia-04,1.8161345392466673e-05,3
id-norte-conectado-infovia-02,1.7562619720187553e-05,3
id-bcs-north---phase-2,1.595123457751041e-05,3
id-e-finest,1.5855142802947096e-05,3
id-latvia-sweden-1-lv-se-1,1.0089636329148153e-05,3
id-rnne-rdvig,1.0089636329148153e-05,3
id-eaufon-2,9.416993907204942e-06,3
id-sweden-estonia-ee-s-1,7.302974866811997e-06,3
id-italy-greece-1-ig-1,6.053781797488892e-06,3
id-eaufon-1,5.073645696943071e-06,3
id-eaufon-3,4.4476764226448996e-06,3
id-cyclades-a,4.15116466113524e-06,3
id-natitua-sud,3.843670982532629e-06,3
id-cyclades-b,3.843670982532629e-06,3
id-russia-japan-cable-network-rjcn,2.882753236899472e-06,3
id-energinet-lyngsa-laeso,2.882753236899472e-06,3
id-link-3-phase-1,2.3062025895195776e-06,3
id-petropavlovsk-kamchatsky---anadyr,1.7296519421396832e-06,3
id-thetis,1.6431693450326991e-06,3
id-balok,1.441376618449736e-06,3
id-link-1-phase-2,1.441376618449736e-06,3
id-energinet-laeso-varberg,1.1531012947597888e-06,3
id-whidbey-island-seattle,1.1531012947597888e-06,3
id-polar-express,1.0954462300217994e-06,3
id-natitua,1.0482739043270807e-06,3
id-lanis-2,8.648259710698416e-07,3
id-link-1-phase-1,8.648259710698416e-07,3
id-jeju-mainland-2,8.648259710698416e-07,3
id-jeju-mainland-3,8.648259710698416e-07,3
id-jeju-udo,8.648259710698416e-07,3
id-kattegat-2,8.648259710698416e-07,3
id-cabo-verde-telecom-domestic-submarine-cable-phase-2,7.687341965065259e-07,3
id-r100-north,6.385453406465497e-07,3
id-caucasus-cable-system,5.765506473798944e-07,3
id-american-1,4.6124051790391554e-07,3
id-bt-mt-1,4.324129855349208e-07,3
id-georgia-russia,3.8436709825326296e-07,3
id-gtmo-1,2.882753236899472e-07,2
id-melita-1,2.882753236899472e-07,2
id-uk-channel-islands-7,2.882753236899472e-07,2
id-roquetas-melilla-cam,2.882753236899472e-07,2
id-alpal-2,2.882753236899472e-07,2
id-malta-italy-interconnector,2.882753236899472e-07,2
id-kanawa,2.882753236899472e-07,2
id-almera-melilla-alme,2.882753236899472e-07,2
id-sovetskaya-gavan-ilyinskoye,2.882753236899472e-07,2
id-channel-islands-9-liberty-submarine-cable,2.882753236899472e-07,2
id-sovetskaya-gavan-uglegorsk,2.882753236899472e-07,2
id-whidbey-island-everett,2.882753236899472e-07,2
id-whidbey-island-hat-island,2.882753236899472e-07,2
id-penbal-5,2.882753236899472e-07,2
id-energy-bridge-cable,2.882753236899472e-07,2
id-bcs-east-west-interlink,2.882753236899472e-07,2
id-kerch-strait-cable,2.882753236899472e-07,2
id-gtmo-pr,2.882753236899472e-07,2
id-javali,2.882753236899472e-07,2
id-konstanz-meersburg,2.882753236899472e-07,2
id-link-2-phase-2,2.882753236899472e-07,2
id-konstanz-friedrichshafen,2.882753236899472e-07,2
id-bcs-east,2.882753236899472e-07,2
id-arimao,2.882753236899472e-07,2
id-groix-4,0.0,1
id-lower-indian-ocean-network-lion,0.0,1
id-vodafone-greece-domestic,0.0,1
id-bangladesh-private-cable-system-bpcs,0.0,1
id-alaska-united-turnagain-arm-auta,0.0,1
id-bass-strait-1,0.0,1
id-bass-strait-2,0.0,1
id-basslink,0.0,1
id-whidbey-island-camano-island,0.0,1
id-guadeloupe-cable-des-iles-du-sud-gcis,0.0,1
id-trans-caspian-fiber-optic-cable-project,0.0,1
id-malta-gozo-cable,0.0,1
id-mercator,0.0,1
id-globalconnect-2-gc2,0.0,1
id-haikou-beihai-cable,0.0,1
id-airraq,0.0,1
id-lumut-pangkor-island,0.0,1
id-tangerine,0.0,1
id-yuza-tobishima,0.0,1
id-ixchel,0.0,1
id-tautira-teahupoo,0.0,1
id-vancouver-bowen-island-vancouver-island,0.0,1
id-meltingpot-indianoceanic-submarine-system-metiss,0.0,1
id-mandji-fiber-optic-cable,0.0,1
id-apocs-1,0.0,1
id-gulf-of-california-cable,0.0,1
id-globalconnect-6-gc6,0.0,1
id-globalconnect-denmark-sweden,0.0,1
id-turcyos-2,0.0,1
id-uk-channel-islands-8,0.0,1
id-ulleung-mainland-2,0.0,1
id-turcyos-1,0.0,1
id-awashima-murakami,0.0,1
id-italy-croatia,0.0,1
id-globalconnect-3-gc3,0.0,1
id-gulf-of-mexico-fiber-optic-network,0.0,1
id-apocs-2,0.0,1
id-groote-eylandt,0.0,1
id-arsat-submarine-fiber-optic-cable,0.0,1
id-tt-1,0.0,1
id-iris,0.0,1
id-vaka,0.0,1
id-tenerife-gran-canaria,0.0,1
id-java-bali-cable-system-jbcs,0.0,1
id-isle-au-haut-cable,0.0,1
id-far-east-submarine-cable-system,0.0,1
id-minoas-east-and-west,0.0,1
id-danica-north,0.0,1
id-denmark-sweden-18,0.0,1
id-denmark-sweden-17,0.0,1
id-hokkaido-rebun-rishiri,0.0,1
id-rompin-tioman-island,0.0,1
id-romulo,0.0,1
id-ruppione-isolella,0.0,1
id-darwin-jakarta-singapore-cable-djsc,0.0,1
id-dalian-yantai-cable,0.0,1
id-ionian,0.0,1
id-sakhalin-kuril-islands-cable,0.0,1
id-sarco,0.0,1
id-crosslake-fibre,0.0,1
id-crosschannel-fibre,0.0,1
id-cross-straits-cable-network-cscn,0.0,1
id-cross-sound-cable,0.0,1
id-scandinavian-ring-north,0.0,1
id-jalapati,0.0,1
id-link-2-phase-1,0.0,1
id-northern-lights,0.0,1
id-dos-continentes-l-ll,0.0,1
id-farice-1,0.0,1
id-les-dhyres-cable,0.0,1
id-padang-tua-pejat,0.0,1
id-lazaro-cardenas-manzanillo-santiago-submarine-cable-system-lcmsscs,0.0,1
id-farland-north,0.0,1
id-lanis-3,0.0,1
id-fehmarn-blt,0.0,1
id-persona,0.0,1
id-east-west,0.0,1
id-lake-tanganyika,0.0,1
id-lake-michigan-crossing-peninsula-and-island-connection,0.0,1
id-picot-1,0.0,1
id-lake-michigan-chicago-crossing,0.0,1
id-lake-albert-2,0.0,1
id-lake-albert-1,0.0,1
id-scandinavian-ring-south,0.0,1
id-scotland-northern-ireland-3,0.0,1
id-scotland-northern-ireland-4,0.0,1
id-bridge-one,0.0,1
id-st-thomas-st-croix-system,0.0,1
id-sto-hel-one,0.0,1
id-strategic-evolution-underwater-link-seul,0.0,1
id-subcan-link-1,0.0,1
id-subcan-link-2,0.0,1
id-flag-atlantic-1-fa-1,0.0,1
id-sunoque-i,0.0,1
id-sunoque-ii,0.0,1
id-sunoque-iii,0.0,1
id-botnia,0.0,1
id-fos-quellon-chacabuco,0.0,1
id-muroran-hachinohe,0.0,1
id-geo-eirgrid,0.0,1
id-mishima-village,0.0,1
id-besut-perhentian-islands,0.0,1
id-st-pierre-and-miquelon-cable,0.0,1
id-bt-highlands-and-islands-submarine-cable-system,0.0,1
id-corse-continent-4-cc4,0.0,1
id-okinawa-cellular-cable,0.0,1
id-nordbalt,0.0,1
id-cook-strait,0.0,1
id-cogim,0.0,1
id-circe-south,0.0,1
id-segunda-fos-canal-de-chacao,0.0,1
id-hronn,0.0,1
id-kingisepp-kaliningrad-system-baltika,0.0,1
id-shefa-2,0.0,1
id-iceni,0.0,1
id-ningbo-zhoushan-cable,0.0,1
id-sir-abu-nuayr-cable,0.0,1
id-sirius-north,0.0,1
id-nelson-levin,0.0,1
id-kangaroo-island-2,0.0,1
id-calvi-st-florent,0.0,1
id-sea2shore,0.0,1
